testuser@email.com,Test Textbook 1,1
testuser@email.com,Test Textbook 1,1
testuser@email.com,Test Textbook 1,1
testuser@email.com,Test Textbook 1,1
testuser@email.com,Test Textbook 1,1
testuser@email.com,Test Textbook 1,1
testuser@email.com,Test Textbook 1,1
testuser@email.com,Test Textbook 1,1
testuser@email.com,Test Textbook 1,1
testuser@email.com,Test Textbook 1,1
testuser@email.com,Test Textbook 1,1
testuser@email.com,Test Textbook 1,1
testuser@email.com,Test Textbook 1,1
testuser@email.com,Test Textbook 1,1
testuser@email.com,Test Textbook 1,1
testuser@email.com,Test Textbook 1,1
testuser@email.com,Test Textbook 1,1
testuser@email.com,Test Textbook 1,1
